ProductID,ProductName,ProductRating,ProductWeight,ProductPrice,ProductCategory,ProductColor
1,Product 1,Good,730.6823149573107,611.0325172849888,Home Appliances,Red
2,Product 2,Fair,619.7900716472808,653.2253749203655,Electronics,Blue
3,Product 3,Good,383.44693942841644,305.4271286219719,Home Appliances,Red
4,Product 4,Fair,517.9836025089519,897.9794081618677,Home Appliances,Green
5,Product 5,Excellent,238.58421145360526,643.8655804584583,Clothing,Blue
6,Product 6,Good,614.1327909823775,568.0391343141998,Clothing,Green
7,Product 7,Good,420.771381907996,474.31508755527443,Electronics,Blue
8,Product 8,Excellent,363.06262745227815,919.6945118683418,Clothing,Blue
9,Product 9,Fair,905.4159455147317,672.4304959740591,Electronics,Blue
10,Product 10,Good,819.9163886454693,361.0874736631448,Home Appliances,Blue
11,Product 11,Good,331.6460936471951,759.6474531582667,Home Appliances,Blue
12,Product 12,Fair,111.60645674515125,575.3730295244562,Clothing,Green
13,Product 13,Excellent,259.3398629059785,131.95588606745963,Home Appliances,Blue
14,Product 14,Fair,499.9239216324238,380.6552894694176,Electronics,Red
15,Product 15,Good,611.7929062596346,797.7264913324301,Electronics,Red
16,Product 16,Fair,651.62229943865,755.7331956103205,Home Appliances,Blue
17,Product 17,Good,676.505541082314,971.135567860062,Home Appliances,Green
18,Product 18,Poor,802.6582557134901,177.11611951490426,Clothing,Red
19,Product 19,Good,830.4842871072235,74.77059483320278,Home Appliances,Red
20,Product 20,Good,382.7838659660422,911.9989868261192,Clothing,Blue
21,Product 21,Poor,732.6557442623605,435.9706280626483,Electronics,Red
22,Product 22,Good,679.0756133172926,446.1439249384148,Electronics,Green
23,Product 23,Poor,886.6918265076594,296.70663406696224,Clothing,Green
24,Product 24,Good,901.9811666170068,555.4782550741052,Home Appliances,Green
25,Product 25,Good,353.5970613725072,381.67875847043047,Clothing,Red
26,Product 26,Fair,735.6044961749573,306.9607556316514,Clothing,Green
27,Product 27,Excellent,496.9663790919012,791.041257777656,Electronics,Blue
28,Product 28,Good,988.3242944688544,465.96702935278586,Electronics,Red
29,Product 29,Excellent,136.80249672788236,306.65366619863835,Home Appliances,Green
30,Product 30,Excellent,101.94226891479391,180.06733786570967,Clothing,Green
31,Product 31,Fair,285.7331728424558,657.7457779080254,Electronics,Blue
32,Product 32,Good,554.3751213432554,976.52452349153,Clothing,Red
33,Product 33,Good,295.08497734404835,514.5356303829132,Home Appliances,Red
34,Product 34,Fair,740.114693232577,375.77482047457687,Electronics,Blue
35,Product 35,Fair,100.22891602144794,99.48371330272411,Clothing,Green
36,Product 36,Good,207.91251713101335,555.9917746471892,Home Appliances,Blue
37,Product 37,Fair,448.9094521315273,461.7435727967515,Clothing,Green
38,Product 38,Good,632.5121260180042,333.62780712756984,Home Appliances,Red
39,Product 39,Good,639.5066399348274,753.8306547909125,Clothing,Green
40,Product 40,Fair,878.767963956737,267.85050789796213,Clothing,Blue
41,Product 41,Fair,385.33293143837227,341.5879783031884,Home Appliances,Red
42,Product 42,Good,838.3997282914564,848.1341817544948,Home Appliances,Red
43,Product 43,Fair,890.6582300512132,267.9251679695682,Home Appliances,Red
44,Product 44,Fair,409.05084899957984,562.2727203068429,Electronics,Blue
45,Product 45,Excellent,463.3578347862543,782.1237023924759,Electronics,Green
46,Product 46,Good,881.0287087602853,877.6672541345623,Electronics,Blue
47,Product 47,Good,801.1060719739174,475.22237812874295,Home Appliances,Green
48,Product 48,Fair,175.67638785636763,718.8030609053894,Home Appliances,Blue
49,Product 49,Poor,166.31336755594737,243.67106328799917,Clothing,Blue
50,Product 50,Fair,116.78930433990665,209.27409627681402,Electronics,Red
51,Product 51,Fair,993.9450044514438,386.7582227875546,Clothing,Red
52,Product 52,Good,652.3136703572377,484.983930058675,Home Appliances,Red
53,Product 53,Good,983.1753538025199,415.4429862709393,Home Appliances,Red
54,Product 54,Good,391.0038711486759,723.5605634598795,Clothing,Red
55,Product 55,Fair,195.6924996803434,150.46055252899228,Clothing,Green
56,Product 56,Excellent,196.1895403377555,727.1725259155871,Clothing,Red
57,Product 57,Fair,54.69561329078478,914.9940741631782,Home Appliances,Red
58,Product 58,Good,665.1722121562509,699.9937354258938,Clothing,Blue
59,Product 59,Good,987.2290916569127,872.9070340712884,Clothing,Red
60,Product 60,Poor,736.1287963330897,167.6460679422474,Electronics,Green
61,Product 61,Good,80.26581372731984,117.73376962182324,Home Appliances,Blue
62,Product 62,Poor,752.5401156827005,474.9174549638464,Clothing,Red
63,Product 63,Good,672.5260236766245,667.5033482457342,Electronics,Red
64,Product 64,Fair,72.9971854384856,876.20783156636,Electronics,Blue
65,Product 65,Excellent,633.2014050261876,643.0111766028572,Clothing,Blue
66,Product 66,Fair,772.6621735562103,272.51187271735586,Clothing,Green
67,Product 67,Fair,123.83893469881852,13.670165502875985,Electronics,Blue
68,Product 68,Good,211.63451129295893,339.3001244991416,Clothing,Red
69,Product 69,Good,468.7561172472184,123.04944800026071,Electronics,Green
70,Product 70,Good,833.9949371972602,479.43150652140525,Home Appliances,Red
71,Product 71,Fair,918.9437688814681,962.0461035977327,Electronics,Green
72,Product 72,Excellent,853.5590320666169,485.78035191091556,Clothing,Blue
73,Product 73,Good,714.949779149731,271.4562720406504,Home Appliances,Green
74,Product 74,Excellent,739.8784349288109,930.9034638809528,Electronics,Green
75,Product 75,Good,603.6131701971518,475.13713098486573,Electronics,Red
76,Product 76,Poor,264.96833118826055,935.1216666000832,Home Appliances,Blue
77,Product 77,Good,910.5151694838086,356.4939236262196,Electronics,Blue
78,Product 78,Excellent,245.72589746399944,343.48397465633957,Electronics,Blue
79,Product 79,Good,514.7551008945143,921.2324296177096,Electronics,Blue
80,Product 80,Good,799.2369470806555,345.02299048428296,Electronics,Blue
81,Product 81,Excellent,927.7497633938059,696.8082107830146,Clothing,Green
82,Product 82,Excellent,225.2014255682225,18.827945886265066,Electronics,Blue
83,Product 83,Good,197.04357174503278,134.75584872551815,Home Appliances,Green
84,Product 84,Fair,390.58699379550706,402.46441912276646,Clothing,Red
85,Product 85,Good,531.7186718279327,259.3963344202565,Clothing,Green
86,Product 86,Excellent,116.90860672117837,583.3213020583485,Electronics,Green
87,Product 87,Excellent,111.24492537638105,414.29020963090727,Clothing,Blue
88,Product 88,Good,147.06606913640354,582.3672412506332,Home Appliances,Red
89,Product 89,Excellent,975.3203476833667,228.09023911314355,Clothing,Blue
90,Product 90,Good,164.4174890693746,479.33886914096234,Clothing,Red
91,Product 91,Good,393.63811736307423,193.9662236309432,Clothing,Blue
92,Product 92,Good,641.5325328331629,11.515555573396302,Home Appliances,Red
93,Product 93,Fair,894.4510406653839,147.7946809298097,Clothing,Green
94,Product 94,Good,691.0895394011886,830.5508576257129,Home Appliances,Blue
95,Product 95,Fair,658.8808378361682,656.9895977136583,Electronics,Green
96,Product 96,Poor,210.82049364695985,618.7400540482976,Home Appliances,Green
97,Product 97,Excellent,614.3650401137114,448.3918355763844,Electronics,Green
98,Product 98,Excellent,510.51176975406656,512.7171166748517,Home Appliances,Red
99,Product 99,Poor,731.7092101403709,187.85484754956212,Clothing,Red
100,Product 100,Fair,819.0715762294632,43.48413911983524,Electronics,Green
101,Product 101,Fair,970.0053693261767,461.91600379525636,Clothing,Blue
102,Product 102,Excellent,137.86749676654892,167.6435702296115,Clothing,Red
103,Product 103,Excellent,788.2690332446374,179.8631948874328,Electronics,Blue
104,Product 104,Good,796.6639907124899,783.0705373226407,Electronics,Green
105,Product 105,Poor,565.4068557316177,537.660774725849,Home Appliances,Green
106,Product 106,Excellent,763.2097923073298,766.6138281907487,Electronics,Blue
107,Product 107,Fair,854.1592649149237,669.7186644870061,Electronics,Red
108,Product 108,Excellent,69.02357628569293,413.44346367317394,Home Appliances,Green
109,Product 109,Good,403.3033769492111,181.3764908569575,Clothing,Blue
110,Product 110,Excellent,564.5438288833014,652.4398985878836,Clothing,Green
111,Product 111,Fair,862.8581597780695,463.750571816776,Home Appliances,Red
112,Product 112,Good,875.9442432113655,351.08525133655024,Electronics,Red
113,Product 113,Fair,827.5397392124995,42.87966642476305,Home Appliances,Green
114,Product 114,Excellent,933.5457439637412,337.4093518913033,Home Appliances,Green
115,Product 115,Poor,268.1629569379603,687.1501503941821,Clothing,Red
116,Product 116,Fair,203.25143981165917,632.4521632300185,Electronics,Green
117,Product 117,Good,589.4921547952671,789.5262374057909,Clothing,Red
118,Product 118,Good,678.5901999976174,871.5823975668028,Electronics,Blue
119,Product 119,Fair,632.9891901235318,732.9587109253954,Home Appliances,Green
120,Product 120,Poor,968.836379693681,470.57676016044576,Home Appliances,Green
121,Product 121,Fair,279.38003447530065,955.3352648810265,Clothing,Blue
122,Product 122,Excellent,589.3343577172404,304.8658689485497,Home Appliances,Red
123,Product 123,Fair,520.8843127091145,12.213843516713487,Clothing,Red
124,Product 124,Fair,125.13332388838042,444.9790674156026,Home Appliances,Red
125,Product 125,Fair,830.1738563217614,190.35520019179,Home Appliances,Blue
126,Product 126,Good,950.8150898697155,387.24241279485057,Clothing,Blue
127,Product 127,Good,285.5518268065953,237.5828118635065,Clothing,Blue
128,Product 128,Fair,834.5638224900048,350.20460593016196,Clothing,Green
129,Product 129,Good,418.72181771706056,254.84858157254163,Home Appliances,Green
130,Product 130,Fair,826.9587345250919,187.99834941600804,Electronics,Blue
131,Product 131,Poor,780.3980273951294,354.26927942243617,Electronics,Red
132,Product 132,Good,877.4301414007796,269.9496663075565,Electronics,Red
133,Product 133,Good,718.1809836439281,522.8515153715988,Home Appliances,Blue
134,Product 134,Excellent,695.0725087848397,345.4056482914772,Home Appliances,Green
135,Product 135,Good,885.469808056024,634.551658661761,Clothing,Blue
136,Product 136,Fair,636.1324759991334,740.6239611626294,Electronics,Green
137,Product 137,Fair,308.85876425940825,57.892489397775385,Clothing,Green
138,Product 138,Excellent,139.87893180271075,912.7503917506267,Clothing,Blue
139,Product 139,Good,703.0993225105278,102.02160527364629,Electronics,Blue
140,Product 140,Poor,569.8633377529255,419.1244839183167,Electronics,Blue
141,Product 141,Excellent,570.2373586555135,486.53883454197603,Clothing,Green
142,Product 142,Excellent,505.8759208280881,60.70711131047804,Electronics,Green
143,Product 143,Good,157.3030237160715,988.491635374302,Home Appliances,Red
144,Product 144,Good,438.47660251800625,11.796826240339321,Clothing,Green
145,Product 145,Poor,350.98716221889765,394.4321371764154,Home Appliances,Green
146,Product 146,Good,313.1011766077104,260.0486480607816,Electronics,Blue
147,Product 147,Fair,487.9570881277948,802.0137882793382,Electronics,Blue
148,Product 148,Fair,757.3391630457188,896.6665373688654,Electronics,Red
149,Product 149,Poor,743.7057851807392,170.6495742676118,Home Appliances,Green
150,Product 150,Fair,763.8107104916828,491.0695446338673,Electronics,Green
151,Product 151,Good,294.7202923180426,564.8448541141934,Electronics,Blue
152,Product 152,Good,734.5461430810475,984.3342304329493,Home Appliances,Green
153,Product 153,Excellent,370.58007653796744,326.65989298928145,Clothing,Green
154,Product 154,Good,527.4777907539931,305.4165593927897,Home Appliances,Green
155,Product 155,Excellent,636.3198764777673,900.4899936438044,Electronics,Red
156,Product 156,Excellent,563.7157850613597,166.63141001348546,Electronics,Green
157,Product 157,Good,357.12235010696116,180.45988708169463,Home Appliances,Blue
158,Product 158,Good,901.6310859002239,836.8583312435683,Clothing,Red
159,Product 159,Good,201.70971142734157,891.163912314108,Clothing,Red
160,Product 160,Good,641.8967273373944,57.23311342667444,Home Appliances,Blue
161,Product 161,Fair,200.34056079486655,340.8265921663245,Home Appliances,Red
162,Product 162,Fair,292.81611793786345,408.3162044574236,Electronics,Red
163,Product 163,Excellent,53.04557185549985,91.80888112436047,Electronics,Red
164,Product 164,Excellent,344.88548559313705,285.09019015272844,Clothing,Blue
165,Product 165,Fair,245.38129332501995,875.1623650550653,Clothing,Green
166,Product 166,Poor,781.3148825683188,434.36813839649096,Electronics,Green
167,Product 167,Excellent,241.14600994198284,968.9201891895452,Electronics,Red
168,Product 168,Good,571.9222674298428,11.71830122297202,Electronics,Blue
169,Product 169,Fair,836.3064607760537,516.0657293092886,Clothing,Green
170,Product 170,Good,234.39935028212216,596.9628340763289,Clothing,Blue
171,Product 171,Good,991.3228640431334,85.9868300183875,Home Appliances,Red
172,Product 172,Good,967.8729151784819,892.7218282583226,Electronics,Blue
173,Product 173,Excellent,58.311226213148416,622.8809068500566,Clothing,Red
174,Product 174,Good,267.7098805632638,737.4279461277714,Electronics,Blue
175,Product 175,Fair,280.544218652375,658.8782214295014,Home Appliances,Red
176,Product 176,Fair,427.8943655251597,144.45670056560184,Electronics,Green
177,Product 177,Good,691.6109840285283,272.27615885758473,Home Appliances,Red
178,Product 178,Good,186.0266937249947,355.90635402025794,Clothing,Blue
179,Product 179,Fair,680.0577833103938,137.87404620618906,Clothing,Blue
180,Product 180,Fair,147.4587668603905,431.5444756918279,Home Appliances,Green
181,Product 181,Good,298.25880834207294,464.54593018066794,Electronics,Green
182,Product 182,Excellent,175.50863100798628,870.7289346869906,Clothing,Red
183,Product 183,Fair,126.20085453405815,685.004455916425,Electronics,Red
184,Product 184,Good,531.7345146593725,128.5058726735782,Clothing,Red
185,Product 185,Good,519.6026598419173,333.03930579075205,Electronics,Blue
186,Product 186,Good,515.2791642783527,978.4152006064634,Home Appliances,Red
187,Product 187,Fair,708.4469632112173,911.4945765133094,Electronics,Green
188,Product 188,Poor,392.53125481043,265.59534298620804,Clothing,Blue
189,Product 189,Good,896.008449989875,249.89639207422874,Home Appliances,Green
190,Product 190,Poor,562.1221333945591,771.1013884991874,Home Appliances,Blue
191,Product 191,Poor,454.48427438029574,883.3823671590244,Home Appliances,Blue
192,Product 192,Good,311.0486698639123,296.2189870770517,Electronics,Blue
193,Product 193,Good,490.3817503574756,608.0391547354291,Clothing,Blue
194,Product 194,Good,85.96022029030752,106.39333193180106,Clothing,Red
195,Product 195,Good,302.93701721226427,18.163607878827577,Electronics,Red
196,Product 196,Good,918.2403226898913,824.4341282143408,Home Appliances,Blue
197,Product 197,Poor,266.8626351780712,651.4336343026227,Home Appliances,Green
198,Product 198,Fair,699.5769793459556,722.8739353824308,Home Appliances,Blue
199,Product 199,Good,764.14056637482,562.211018356942,Clothing,Green
200,Product 200,Fair,757.1606790832735,788.7736310184514,Clothing,Green
201,Product 201,Fair,236.18358023870607,535.9658942278043,Home Appliances,Green
202,Product 202,Fair,607.6329660610888,523.0278246601948,Clothing,Green
203,Product 203,Poor,287.22525542614255,232.11520072909215,Clothing,Blue
204,Product 204,Fair,151.6589696610437,664.8655658200157,Electronics,Red
205,Product 205,Good,988.060655427671,787.9165033529315,Clothing,Green
206,Product 206,Good,366.03871699095396,685.6157711539713,Electronics,Red
207,Product 207,Excellent,123.20346311728301,39.1077406546136,Clothing,Red
208,Product 208,Good,553.0666504692658,491.018102798457,Home Appliances,Blue
209,Product 209,Good,597.7898668401729,568.1581186838081,Home Appliances,Red
210,Product 210,Poor,650.4108574260827,440.4165217841655,Clothing,Green
211,Product 211,Fair,776.86630903848,380.61419600856595,Home Appliances,Green
212,Product 212,Good,747.2872890942272,244.24886021681723,Electronics,Red
213,Product 213,Poor,919.980604973032,426.0489756820841,Home Appliances,Blue
214,Product 214,Fair,711.1154183314908,829.2117750401146,Electronics,Blue
215,Product 215,Fair,293.2563816102995,174.71018402114478,Electronics,Green
216,Product 216,Good,530.012098813371,878.3594955121614,Clothing,Green
217,Product 217,Fair,488.21826971325584,619.9622798843723,Electronics,Red
218,Product 218,Good,224.9588176846304,645.519091066924,Clothing,Green
219,Product 219,Good,441.40241579108186,468.848862801655,Home Appliances,Green
220,Product 220,Fair,459.8590250820925,673.2125842536227,Clothing,Green
221,Product 221,Fair,84.81869580617571,77.91098727665793,Home Appliances,Green
222,Product 222,Excellent,685.9185265148219,816.8532743779025,Home Appliances,Blue
223,Product 223,Fair,141.41129915909255,63.17165661771981,Clothing,Red
224,Product 224,Poor,665.7005163528212,494.85784791414983,Clothing,Red
225,Product 225,Good,593.5078941602895,439.98542334771935,Clothing,Green
226,Product 226,Good,207.7753965351965,238.36414882394996,Electronics,Blue
227,Product 227,Fair,796.4518576087152,661.3664488904119,Home Appliances,Green
228,Product 228,Good,466.4508839091231,999.5613927912264,Clothing,Green
229,Product 229,Fair,256.12690569515286,561.117649725838,Electronics,Blue
230,Product 230,Fair,634.4688564121267,451.3595832951665,Electronics,Red
231,Product 231,Excellent,685.4924227750935,837.9584785217289,Home Appliances,Green
232,Product 232,Good,189.5513797779378,145.47108088518118,Home Appliances,Green
233,Product 233,Excellent,117.70172364534733,15.080170217286902,Electronics,Red
234,Product 234,Good,562.7165799196636,111.46047293123783,Home Appliances,Blue
235,Product 235,Poor,605.0584575599222,722.8215837498603,Home Appliances,Red
236,Product 236,Good,53.44589097244116,721.1504690394925,Home Appliances,Green
237,Product 237,Excellent,886.3861256277934,672.0676704891617,Home Appliances,Red
238,Product 238,Good,511.6251263800049,832.8928723122422,Electronics,Green
239,Product 239,Good,285.32485402281077,272.8717919754554,Home Appliances,Green
240,Product 240,Good,350.46623583625114,608.9666095404791,Clothing,Green
241,Product 241,Good,410.1285890761114,131.68599214908448,Home Appliances,Red
242,Product 242,Fair,645.8392987737641,393.21173790769,Clothing,Red
243,Product 243,Poor,697.0177817739943,360.8583632126328,Electronics,Red
244,Product 244,Good,125.98998808193774,389.4759822341327,Electronics,Blue
245,Product 245,Fair,77.97817701905274,537.1675705547428,Home Appliances,Blue
246,Product 246,Fair,537.9778563693997,814.7490495934196,Clothing,Red
247,Product 247,Fair,878.0963578426698,236.17069451370793,Electronics,Red
248,Product 248,Fair,247.02130364752736,396.9054890711333,Electronics,Red
249,Product 249,Fair,798.9447249191688,550.6351539278387,Clothing,Red
250,Product 250,Good,401.52423743655714,466.3461939181307,Home Appliances,Red
251,Product 251,Excellent,950.505063021454,796.2269164859924,Electronics,Red
252,Product 252,Fair,678.5006890918568,157.52662392113996,Clothing,Blue
253,Product 253,Good,392.63931320692654,911.649316532973,Electronics,Blue
254,Product 254,Fair,135.13235163368503,221.5884069162057,Home Appliances,Green
255,Product 255,Good,822.7500575462406,911.1534416629977,Home Appliances,Green
256,Product 256,Fair,100.07905586464197,467.56482380329913,Home Appliances,Red
257,Product 257,Good,729.3796609361917,813.651302864945,Clothing,Red
258,Product 258,Good,409.17189759246827,752.2661147197964,Clothing,Blue
259,Product 259,Good,844.9922834030111,65.90129038626736,Home Appliances,Blue
260,Product 260,Good,834.9270566406068,890.4701230829764,Clothing,Red
261,Product 261,Good,783.7646118325024,456.15376180386306,Clothing,Blue
262,Product 262,Good,330.56485122986214,177.84246350826555,Electronics,Blue
263,Product 263,Good,904.5862666022286,286.48121739308937,Clothing,Red
264,Product 264,Good,75.11625336894555,253.6964636490261,Home Appliances,Green
265,Product 265,Good,837.092149185093,893.49701722594,Electronics,Red
266,Product 266,Good,709.7628878313892,359.79000666492675,Home Appliances,Green
267,Product 267,Excellent,495.6178210466638,47.42376194693129,Electronics,Green
268,Product 268,Good,659.2910209752226,289.4792110336302,Electronics,Blue
269,Product 269,Excellent,130.79988572447812,741.0645639002828,Home Appliances,Red
270,Product 270,Excellent,955.2993688623901,112.74551631707601,Home Appliances,Red
271,Product 271,Poor,875.622844508004,45.66801956423971,Electronics,Green
272,Product 272,Excellent,884.5972023397537,225.77398906292868,Home Appliances,Red
273,Product 273,Fair,464.72705096657836,607.0083528165584,Home Appliances,Red
274,Product 274,Good,948.8958612108845,609.4819806670791,Electronics,Red
275,Product 275,Good,56.0458310517722,505.3432476832904,Clothing,Blue
276,Product 276,Fair,386.53614304713955,914.9901353315466,Home Appliances,Green
277,Product 277,Fair,225.5090051383459,882.7456383868878,Clothing,Blue
278,Product 278,Fair,576.7263479889893,809.889194723862,Electronics,Blue
279,Product 279,Fair,317.82248228417023,207.207937481524,Electronics,Green
280,Product 280,Good,243.12881504453867,108.06355032336813,Home Appliances,Green
281,Product 281,Good,649.6003127707369,307.83415739472855,Home Appliances,Green
282,Product 282,Excellent,776.0736283077343,41.16467272085509,Home Appliances,Blue
283,Product 283,Fair,482.45187050807664,535.374934926618,Clothing,Red
284,Product 284,Poor,81.788390300604,925.5422970553242,Clothing,Green
285,Product 285,Good,528.4191830245046,584.6827407660863,Home Appliances,Blue
286,Product 286,Excellent,294.0164946687431,274.86048905632805,Electronics,Red
287,Product 287,Fair,785.0749581208441,584.8981760665908,Clothing,Blue
288,Product 288,Good,998.6371746769098,760.4435134875706,Clothing,Blue
289,Product 289,Fair,231.23530098969678,280.70870955445827,Clothing,Blue
290,Product 290,Fair,195.98386937429723,572.3566126248772,Clothing,Blue
291,Product 291,Good,551.0641152273354,692.9812567182277,Clothing,Blue
292,Product 292,Good,983.0571736796476,403.8047612397622,Clothing,Blue
293,Product 293,Fair,734.4724293284632,429.6961361494662,Electronics,Green
294,Product 294,Excellent,360.69160495265544,494.77425952554864,Home Appliances,Green
295,Product 295,Poor,457.6850342841777,262.25928921049695,Clothing,Blue
296,Product 296,Poor,905.2265930576508,649.8624611450439,Home Appliances,Blue
297,Product 297,Excellent,632.2365915874847,592.1393693141889,Home Appliances,Blue
298,Product 298,Good,665.1020914822485,76.75885865083431,Clothing,Green
299,Product 299,Excellent,230.6174711460342,494.78482455191755,Clothing,Red
300,Product 300,Excellent,632.953032598483,679.0188819173726,Electronics,Green
301,Product 301,Excellent,280.1294808429202,398.1691472837161,Home Appliances,Red
302,Product 302,Poor,364.6382589932224,918.1849618044126,Electronics,Blue
303,Product 303,Fair,947.6747792162092,505.8241086426337,Home Appliances,Blue
304,Product 304,Excellent,215.80850225009917,860.3376468593406,Clothing,Green
305,Product 305,Excellent,803.3377803046,894.5962696157884,Home Appliances,Red
306,Product 306,Poor,685.8166378030131,360.0076389457722,Clothing,Red
307,Product 307,Excellent,350.4128991975643,283.3160997959961,Home Appliances,Red
308,Product 308,Fair,269.04245098082447,453.56773153183184,Electronics,Red
309,Product 309,Excellent,121.11489255260832,231.52406486169156,Clothing,Red
310,Product 310,Fair,466.3625867170693,881.2315434195834,Clothing,Blue
311,Product 311,Fair,909.9844228112629,70.34623972316149,Electronics,Blue
312,Product 312,Fair,816.4806915272218,415.74553845788364,Home Appliances,Blue
313,Product 313,Fair,728.6701106823064,920.5029409962084,Clothing,Green
314,Product 314,Good,236.5803200162231,758.2253945595771,Home Appliances,Red
315,Product 315,Good,171.0045761061536,581.5956784178543,Clothing,Green
316,Product 316,Fair,870.9639375978064,789.2847004931643,Clothing,Red
317,Product 317,Excellent,849.5054384580762,184.26278543287427,Home Appliances,Green
318,Product 318,Fair,589.0355769316731,840.8818259219911,Clothing,Green
319,Product 319,Fair,157.47341373344443,962.0807419311056,Clothing,Green
320,Product 320,Excellent,66.84782000567625,391.2867625445557,Home Appliances,Red
321,Product 321,Fair,388.893566968558,420.2548807175742,Electronics,Red
322,Product 322,Good,479.8857493581708,566.0761164932605,Clothing,Red
323,Product 323,Good,548.0185347006809,708.9941880519165,Clothing,Red
324,Product 324,Fair,337.13554138584857,878.7911512202884,Electronics,Red
325,Product 325,Fair,781.6937582951562,426.2210669673809,Clothing,Red
326,Product 326,Good,917.9941162240465,213.47885466930163,Clothing,Blue
327,Product 327,Good,100.00316654186838,227.99383404274403,Clothing,Red
328,Product 328,Fair,613.802882717038,700.8139453849312,Clothing,Red
329,Product 329,Good,570.8811902047224,446.8352366788782,Electronics,Green
330,Product 330,Fair,169.09746475868695,687.6547934223274,Electronics,Green
331,Product 331,Fair,144.39501314275418,918.4336295622579,Home Appliances,Green
332,Product 332,Good,943.6220669881038,353.81306177960056,Home Appliances,Green
333,Product 333,Fair,401.78725615387225,229.91831300456298,Electronics,Blue
334,Product 334,Fair,639.9563144073634,781.142341787415,Clothing,Green
335,Product 335,Excellent,337.37704809228075,11.819633933193476,Electronics,Green
336,Product 336,Fair,68.40096268209999,805.6503510499992,Home Appliances,Blue
337,Product 337,Fair,75.53180114996991,917.3082219873761,Electronics,Blue
338,Product 338,Good,59.8684795076618,225.61784438329954,Electronics,Blue
339,Product 339,Good,543.9212218322242,203.53318541148738,Clothing,Red
340,Product 340,Fair,719.6617503167365,263.25622815813415,Electronics,Red
341,Product 341,Good,463.1660837048185,166.02957504866512,Home Appliances,Blue
342,Product 342,Good,462.5788350431603,330.45825005367243,Clothing,Green
343,Product 343,Fair,692.9417768427658,557.8876037084345,Home Appliances,Green
344,Product 344,Excellent,802.7295781517023,177.6694873713598,Clothing,Blue
345,Product 345,Good,967.1505297463641,754.6111801908283,Home Appliances,Blue
346,Product 346,Good,109.99560169865447,632.3942915969453,Clothing,Green
347,Product 347,Fair,330.0521426493193,849.4069162024482,Home Appliances,Blue
348,Product 348,Poor,95.51237724259289,430.6720731728455,Clothing,Green
349,Product 349,Good,681.4637011750137,459.0945449995703,Home Appliances,Blue
350,Product 350,Excellent,651.9587952825683,147.96628748882154,Home Appliances,Blue
351,Product 351,Excellent,341.39908640853355,567.3736193792689,Electronics,Green
352,Product 352,Good,595.492084526298,218.9334043205564,Electronics,Green
353,Product 353,Excellent,232.69505311415847,179.54815660702477,Home Appliances,Blue
354,Product 354,Excellent,666.3292757079897,461.2106088050107,Electronics,Blue
355,Product 355,Excellent,922.4284444108422,554.2049610449062,Home Appliances,Blue
356,Product 356,Fair,557.8614018929279,200.2076382019877,Electronics,Blue
357,Product 357,Good,682.9965514085928,296.72289643592063,Clothing,Blue
358,Product 358,Excellent,487.83358836335236,792.2625516636833,Clothing,Blue
359,Product 359,Good,531.8436943503409,299.3866233625476,Home Appliances,Red
360,Product 360,Poor,725.4330663649318,896.4439260198061,Electronics,Blue
361,Product 361,Good,116.07037639104435,847.2257523991491,Clothing,Green
362,Product 362,Poor,318.980834926541,176.33795359705442,Electronics,Blue
363,Product 363,Good,714.282452151755,209.61494420206748,Electronics,Red
364,Product 364,Good,809.7049431515811,339.5206321052588,Electronics,Red
365,Product 365,Good,419.5458811620524,11.283886667056668,Clothing,Red
366,Product 366,Good,608.2540666645455,747.5927218610043,Electronics,Green
367,Product 367,Good,786.814405192768,49.54148088241278,Electronics,Green
368,Product 368,Fair,892.5213999552117,972.917678259849,Electronics,Green
369,Product 369,Good,425.3355863426095,748.3337647214897,Electronics,Blue
370,Product 370,Poor,899.8886588024235,338.2542139073742,Clothing,Green
371,Product 371,Fair,343.1744892483349,887.2739185736859,Clothing,Blue
372,Product 372,Excellent,178.2903778208006,571.3409930650994,Home Appliances,Blue
373,Product 373,Excellent,948.3914497574965,167.4245987417058,Electronics,Green
374,Product 374,Poor,420.04942475496216,372.25296054984295,Home Appliances,Green
375,Product 375,Good,240.6159814483861,70.12113713832312,Electronics,Red
376,Product 376,Good,729.4094244352086,429.06961326142226,Clothing,Blue
377,Product 377,Good,747.167883537163,526.0949961471915,Clothing,Green
378,Product 378,Good,139.89562415290135,375.76418857152623,Home Appliances,Red
379,Product 379,Fair,961.0225813151606,711.6286604841836,Electronics,Red
380,Product 380,Good,146.9637436524527,907.1597916115429,Clothing,Blue
381,Product 381,Good,51.89266148081946,773.8551429325619,Home Appliances,Red
382,Product 382,Poor,991.5770408617033,516.9840520070759,Home Appliances,Blue
383,Product 383,Poor,161.15573373936274,66.31335217896364,Electronics,Red
384,Product 384,Excellent,154.2007760379891,556.6429922548199,Home Appliances,Green
385,Product 385,Good,596.338149001073,745.2751884334053,Home Appliances,Green
386,Product 386,Excellent,583.3271331768506,987.6571819255466,Clothing,Blue
387,Product 387,Good,342.1175156266219,65.33623519049084,Home Appliances,Red
388,Product 388,Good,807.1938131026473,950.1258738069924,Electronics,Green
389,Product 389,Good,795.8202291239212,269.56003930666236,Clothing,Green
390,Product 390,Good,981.4105860718972,741.2415176992745,Clothing,Green
391,Product 391,Good,362.29510186626493,235.80806721110272,Clothing,Red
392,Product 392,Good,279.14520570669566,300.6136467722039,Clothing,Blue
393,Product 393,Good,984.3857003480405,359.0090540938633,Home Appliances,Red
394,Product 394,Poor,267.37432118275217,537.1458488353953,Home Appliances,Green
395,Product 395,Excellent,653.0091516606121,493.3759196244403,Electronics,Red
396,Product 396,Good,964.59713746806,336.3252025429989,Home Appliances,Blue
397,Product 397,Good,467.0911052665216,757.7139859231505,Clothing,Blue
398,Product 398,Good,561.1088249630996,109.56578572415083,Electronics,Blue
399,Product 399,Excellent,520.4426050349882,239.04421169660762,Clothing,Green
400,Product 400,Good,167.1788317530212,770.7589168808036,Home Appliances,Red
401,Product 401,Good,127.84437185464391,596.1812059460084,Electronics,Blue
402,Product 402,Excellent,805.0789750327497,12.220146971775305,Home Appliances,Green
403,Product 403,Fair,709.5334566458869,265.7582062183066,Clothing,Red
404,Product 404,Fair,718.3327991311677,198.27190143284432,Clothing,Green
405,Product 405,Good,781.2986129779501,54.567740556920796,Home Appliances,Blue
406,Product 406,Good,644.6105340957513,790.9517456998408,Clothing,Blue
407,Product 407,Good,773.2550324644126,65.32825800585246,Home Appliances,Green
408,Product 408,Good,436.8847407348412,825.4954524669636,Electronics,Green
409,Product 409,Poor,81.35187148800058,108.52978894184335,Electronics,Red
410,Product 410,Good,835.2931305299595,450.1986761582705,Home Appliances,Red
411,Product 411,Good,891.7947137410629,872.8736052073822,Home Appliances,Blue
412,Product 412,Fair,248.81329539236887,179.08761137457407,Home Appliances,Green
413,Product 413,Fair,988.044865384327,557.7260805992644,Electronics,Red
414,Product 414,Poor,328.656996766628,813.0507783977088,Home Appliances,Green
415,Product 415,Excellent,793.6221421258666,186.60154177252548,Clothing,Red
416,Product 416,Excellent,427.89705166855407,164.4580718535233,Home Appliances,Red
417,Product 417,Good,940.14710230356,274.31349634071836,Home Appliances,Green
418,Product 418,Good,646.485764007425,530.1036114820358,Electronics,Red
419,Product 419,Excellent,635.4920762398075,126.46040223599452,Clothing,Blue
420,Product 420,Fair,926.3809339743809,788.3069177046606,Electronics,Blue
421,Product 421,Good,917.5922265822778,363.9967657053131,Clothing,Green
422,Product 422,Good,645.7728335979082,293.68729260988556,Electronics,Green
423,Product 423,Excellent,421.11799511814024,546.9324942368843,Home Appliances,Blue
424,Product 424,Good,701.0037329936205,726.8890851713835,Clothing,Blue
425,Product 425,Good,495.96347457415493,799.5351544139083,Home Appliances,Green
426,Product 426,Fair,841.1387172529701,169.81913514050854,Clothing,Red
427,Product 427,Fair,844.4879844427549,219.61806096843415,Home Appliances,Green
428,Product 428,Good,965.0019301162272,191.63465560526453,Home Appliances,Blue
429,Product 429,Excellent,247.68741782691754,662.8959577905614,Electronics,Blue
430,Product 430,Good,566.5836253798315,589.7601322639259,Clothing,Blue
431,Product 431,Good,51.39027450121718,696.3581403957095,Home Appliances,Blue
432,Product 432,Fair,869.9974790957701,473.0639086463391,Clothing,Blue
433,Product 433,Fair,796.0260922933816,715.66631714262,Electronics,Blue
434,Product 434,Excellent,164.06234986794666,884.4748507564747,Electronics,Green
435,Product 435,Good,648.8426021053436,729.0553980505932,Electronics,Red
436,Product 436,Good,140.91361841999156,476.7857566793807,Home Appliances,Red
437,Product 437,Good,875.8138961921732,514.3917135119073,Clothing,Blue
438,Product 438,Fair,603.9402143534627,623.4631024578651,Clothing,Green
439,Product 439,Poor,239.16811767419813,434.0056520410449,Electronics,Red
440,Product 440,Good,196.70168769501427,507.94913003683956,Clothing,Red
441,Product 441,Good,906.5669173218963,172.3130581524194,Home Appliances,Green
442,Product 442,Fair,216.22743781650263,876.8272443911853,Clothing,Blue
443,Product 443,Good,109.07625457898284,517.7073728246444,Clothing,Green
444,Product 444,Fair,370.85732042942567,938.8860859703223,Electronics,Blue
445,Product 445,Good,895.7404813953465,86.62430477416696,Electronics,Red
446,Product 446,Good,761.322159527787,420.79904193401956,Home Appliances,Blue
447,Product 447,Good,868.8739686364795,971.4326972892579,Home Appliances,Green
448,Product 448,Good,213.30146922686885,686.4093412617569,Home Appliances,Green
449,Product 449,Fair,107.19490654104824,767.2567030974543,Home Appliances,Green
450,Product 450,Good,759.2493541177641,816.8494529054063,Clothing,Green
451,Product 451,Good,831.4834379896572,562.913691682921,Electronics,Green
452,Product 452,Good,760.1349887162258,215.71508753404476,Home Appliances,Green
453,Product 453,Poor,227.1703705639193,135.81059539812856,Home Appliances,Blue
454,Product 454,Good,838.6250250324059,21.44655370661875,Electronics,Green
455,Product 455,Good,707.8588766935247,579.1517805674414,Electronics,Green
456,Product 456,Good,293.49894925396404,409.73939318268845,Electronics,Blue
457,Product 457,Good,907.7357160470272,244.52520855816417,Home Appliances,Blue
458,Product 458,Fair,415.45104041419665,686.7751857728429,Clothing,Red
459,Product 459,Fair,283.1620612159784,986.9261530702306,Home Appliances,Blue
460,Product 460,Fair,576.1579556475558,345.1598848734947,Electronics,Green
461,Product 461,Excellent,456.2857287175874,12.49677043356423,Home Appliances,Green
462,Product 462,Good,317.27232218321586,688.6219979966985,Electronics,Red
463,Product 463,Fair,582.8980764549143,199.26849783381047,Electronics,Blue
464,Product 464,Fair,660.9988414338914,360.12708253380595,Clothing,Red
465,Product 465,Excellent,523.8957333728083,419.8164280083781,Home Appliances,Blue
466,Product 466,Good,926.748459341192,693.8603165427255,Home Appliances,Blue
467,Product 467,Good,680.8275081614396,115.86280315227991,Home Appliances,Red
468,Product 468,Fair,970.430549272597,475.4664385594447,Clothing,Red
469,Product 469,Fair,787.8290800069555,417.4300544345404,Home Appliances,Blue
470,Product 470,Fair,524.0218954654667,404.06029744952895,Electronics,Red
471,Product 471,Fair,536.0541761555166,453.500204802216,Electronics,Green
472,Product 472,Good,332.29139347291,668.3816158032814,Home Appliances,Green
473,Product 473,Excellent,149.52942700690522,818.3758470705147,Electronics,Red
474,Product 474,Good,390.910106272077,928.3935907480877,Home Appliances,Red
475,Product 475,Excellent,466.1173526861873,923.5338234893217,Home Appliances,Red
476,Product 476,Good,382.19181194254486,191.63536545700936,Home Appliances,Blue
477,Product 477,Poor,411.3128898575014,507.37820787527676,Electronics,Green
478,Product 478,Poor,142.08835844126472,754.7170059951796,Home Appliances,Green
479,Product 479,Good,910.6586364549678,55.017492478997035,Clothing,Blue
480,Product 480,Excellent,53.8333096525764,731.6823681432139,Home Appliances,Green
481,Product 481,Excellent,966.768110213206,914.0304220277063,Electronics,Green
482,Product 482,Good,874.3717148486645,729.655975841798,Electronics,Blue
483,Product 483,Good,958.259986731625,608.9744362977248,Electronics,Blue
484,Product 484,Good,103.85055749884697,137.81739202125516,Home Appliances,Blue
485,Product 485,Good,907.072708487179,842.4196266772485,Electronics,Blue
486,Product 486,Fair,982.0336703311411,198.3813788859608,Electronics,Green
487,Product 487,Fair,302.1279231439629,892.3369334505592,Clothing,Blue
488,Product 488,Poor,150.19980472387257,370.6907269004888,Clothing,Blue
489,Product 489,Good,458.79476058186015,66.85413825285153,Clothing,Red
490,Product 490,Excellent,926.4955649940384,416.1021342382745,Electronics,Red
491,Product 491,Good,93.52547577994825,932.0684402105608,Clothing,Green
492,Product 492,Excellent,329.2257049215805,622.2756535670732,Clothing,Red
493,Product 493,Excellent,266.7846168216681,904.1646924570795,Clothing,Blue
494,Product 494,Fair,210.3633084763984,594.8937837143683,Home Appliances,Red
495,Product 495,Good,457.5592573108996,688.5798856479433,Clothing,Blue
496,Product 496,Fair,807.2920986531868,860.6934187970413,Electronics,Green
497,Product 497,Excellent,326.32552987852165,110.50303067507244,Electronics,Green
498,Product 498,Excellent,381.87099230958586,362.10609956541975,Electronics,Blue
499,Product 499,Fair,488.1400496091076,45.17243682456488,Electronics,Red
500,Product 500,Excellent,241.57896615865897,860.8300231062315,Home Appliances,Red
501,Product 501,Fair,192.13172858643205,136.74501093571521,Home Appliances,Red
502,Product 502,Good,907.5423543004649,760.3790700928419,Home Appliances,Red
503,Product 503,Good,570.5612135144132,118.61290788195313,Home Appliances,Blue
504,Product 504,Good,881.1728531369146,648.8476201018264,Clothing,Green
505,Product 505,Excellent,234.01753244475452,923.8128144465838,Clothing,Green
506,Product 506,Fair,163.75482788783657,449.7420626080646,Electronics,Blue
507,Product 507,Good,879.3450080970322,249.78847968751484,Electronics,Blue
508,Product 508,Excellent,93.53975129598032,43.664856602394664,Clothing,Blue
509,Product 509,Excellent,697.1069467101012,248.50212339122265,Clothing,Green
510,Product 510,Good,924.774231908395,175.5000098653559,Home Appliances,Blue
511,Product 511,Fair,241.58217339018304,686.459078989807,Electronics,Green
512,Product 512,Fair,654.4483661463842,978.2164372016542,Home Appliances,Red
513,Product 513,Fair,542.3421339530835,596.3935905564596,Electronics,Blue
514,Product 514,Good,461.96049365679283,451.13348524359213,Home Appliances,Green
515,Product 515,Good,727.4994649509423,940.5475718643588,Electronics,Green
516,Product 516,Poor,472.87574585976137,435.73933887841844,Electronics,Red
517,Product 517,Good,500.74132465743145,714.1057698070664,Clothing,Red
518,Product 518,Good,647.3868253024596,786.7111028133401,Home Appliances,Green
519,Product 519,Fair,748.1656683006494,76.01687981546542,Electronics,Red
520,Product 520,Good,243.58761742475747,81.81925377501064,Home Appliances,Green
521,Product 521,Fair,952.9433710072377,973.8375584063543,Electronics,Green
522,Product 522,Fair,875.8260262989912,939.5942670476605,Clothing,Green
523,Product 523,Excellent,58.6667091884505,873.5464767874233,Home Appliances,Red
524,Product 524,Fair,836.87526418913,22.043846377387673,Home Appliances,Blue
525,Product 525,Poor,326.3458889036341,786.0775406323933,Electronics,Blue
526,Product 526,Excellent,448.5481446053414,600.0967704720296,Clothing,Green
527,Product 527,Fair,209.76096449764128,125.1438217597195,Electronics,Red
528,Product 528,Poor,617.9804030226758,682.4673988916483,Electronics,Green
529,Product 529,Fair,958.1358334301915,545.3361313162401,Electronics,Green
530,Product 530,Fair,133.42228794497993,314.698775849855,Electronics,Blue
531,Product 531,Good,969.7927707510768,669.8437784715169,Electronics,Green
532,Product 532,Excellent,254.1467548376256,812.6364766773559,Electronics,Blue
533,Product 533,Good,689.5711683788481,910.1796212319466,Electronics,Red
534,Product 534,Fair,437.5532834886713,904.151218090117,Clothing,Blue
535,Product 535,Fair,536.7521912787229,409.3413637790264,Clothing,Red
536,Product 536,Good,158.23569781700675,216.21715405327805,Electronics,Blue
537,Product 537,Fair,630.4645286598032,61.07413875255446,Home Appliances,Blue
538,Product 538,Excellent,717.4580270863352,323.34264868649535,Home Appliances,Blue
539,Product 539,Good,466.13361735528366,870.4580778620586,Clothing,Red
540,Product 540,Fair,140.88812758344687,148.96498099127092,Home Appliances,Red
541,Product 541,Excellent,929.153914342005,83.45086696048989,Home Appliances,Blue
542,Product 542,Excellent,607.9733609220958,397.45825491716784,Home Appliances,Red
543,Product 543,Fair,824.8785248090279,785.8994967226288,Clothing,Red
544,Product 544,Good,618.9643923382199,684.8319837255304,Electronics,Green
545,Product 545,Good,791.2818381623773,237.59837083140133,Electronics,Red
546,Product 546,Fair,152.15084628472465,213.18691998697258,Electronics,Red
547,Product 547,Fair,56.00632940418418,361.2248569395888,Home Appliances,Blue
548,Product 548,Good,421.9522660196587,366.7316786016987,Electronics,Blue
549,Product 549,Good,803.9149843060993,806.2254308078782,Home Appliances,Blue
550,Product 550,Excellent,474.2366899991201,425.38380525593305,Clothing,Green
551,Product 551,Poor,942.8246202995437,925.94550271299,Home Appliances,Blue
552,Product 552,Fair,212.24280839837547,868.4875340333722,Home Appliances,Red
553,Product 553,Good,152.77728390496603,470.5881915861938,Home Appliances,Red
554,Product 554,Fair,497.66319840266306,162.97780707470517,Home Appliances,Blue
555,Product 555,Excellent,680.2217899806029,163.87186925725308,Home Appliances,Blue
556,Product 556,Fair,84.07169247274254,64.85474864391287,Electronics,Green
557,Product 557,Fair,464.6547000902666,466.22635998674855,Clothing,Blue
558,Product 558,Excellent,322.8801653819658,179.34534593616053,Home Appliances,Blue
559,Product 559,Fair,424.37800897871386,546.927785278904,Home Appliances,Blue
560,Product 560,Good,763.0518179604737,307.9607221959138,Electronics,Red
561,Product 561,Poor,306.6341830084753,840.996928868241,Electronics,Red
562,Product 562,Fair,308.03997949873235,331.02377625542414,Electronics,Green
563,Product 563,Fair,574.2430261676428,229.0087608075382,Home Appliances,Red
564,Product 564,Good,217.97746251233423,510.44717819198917,Home Appliances,Green
565,Product 565,Excellent,670.8652749857566,824.6096052191355,Home Appliances,Green
566,Product 566,Excellent,221.06597712637503,650.076862483465,Clothing,Blue
567,Product 567,Excellent,319.2939039444066,905.6800260519485,Home Appliances,Red
568,Product 568,Fair,919.2464264248546,892.2796349985449,Clothing,Blue
569,Product 569,Good,467.8212523980774,850.2916357927922,Clothing,Green
570,Product 570,Excellent,454.3908533686647,840.3927370862891,Clothing,Red
571,Product 571,Excellent,454.33116917506965,35.164968420654674,Home Appliances,Blue
572,Product 572,Good,830.6668856459567,546.9177343550119,Electronics,Green
573,Product 573,Excellent,593.7312179652394,585.5878453792764,Clothing,Red
574,Product 574,Good,991.6812817436414,51.67326084168204,Home Appliances,Red
575,Product 575,Good,441.47394984341554,283.0760721999965,Home Appliances,Red
576,Product 576,Fair,175.31991233263398,416.36373206866335,Clothing,Blue
577,Product 577,Good,530.1496107667106,122.64971468798603,Electronics,Blue
578,Product 578,Good,681.2154238420312,96.48254135444374,Electronics,Red
579,Product 579,Fair,273.1238910469495,444.5072068112948,Clothing,Red
580,Product 580,Fair,350.52036765432507,541.8630985731212,Home Appliances,Green
581,Product 581,Fair,753.1266778550863,434.14746624273,Clothing,Red
582,Product 582,Excellent,160.95038381218185,94.85333718800615,Electronics,Green
583,Product 583,Excellent,169.68673768886413,33.65081150197403,Home Appliances,Red
584,Product 584,Good,54.25149800023852,97.6936580005175,Clothing,Blue
585,Product 585,Excellent,905.3101019947517,454.2390984114475,Electronics,Red
586,Product 586,Fair,353.20732021691924,955.5844213540968,Electronics,Green
587,Product 587,Excellent,92.39490470878908,752.4686657069133,Home Appliances,Red
588,Product 588,Good,379.7594652399591,39.35244018955755,Clothing,Red
589,Product 589,Poor,78.55038363415645,700.2737091328548,Home Appliances,Blue
590,Product 590,Good,695.5468887502201,762.3061042041618,Clothing,Blue
591,Product 591,Fair,489.98509647822874,314.2669784621364,Home Appliances,Blue
592,Product 592,Fair,842.1699347496602,49.32149410880353,Home Appliances,Green
593,Product 593,Good,202.7630477048134,134.85798779384552,Home Appliances,Red
594,Product 594,Excellent,885.5361526542182,441.3607530368956,Clothing,Red
595,Product 595,Poor,281.22213976115074,60.05691844738347,Electronics,Blue
596,Product 596,Fair,996.9690805776901,424.8253297416131,Clothing,Red
597,Product 597,Excellent,927.6265241206358,379.3602970744927,Clothing,Red
598,Product 598,Good,945.1690262478803,532.0168862446193,Home Appliances,Blue
599,Product 599,Fair,615.0088792808996,433.47186362795026,Home Appliances,Green
600,Product 600,Excellent,105.31580907344147,971.9052720475516,Clothing,Green
601,Product 601,Fair,277.24100230791134,371.1864711306217,Home Appliances,Green
602,Product 602,Good,142.65162670251593,599.1901079122364,Clothing,Green
603,Product 603,Good,245.16358934300197,633.7381990800598,Clothing,Green
604,Product 604,Good,653.3744912895831,553.613041817054,Home Appliances,Red
605,Product 605,Good,112.09144102220733,119.73954372634134,Electronics,Green
606,Product 606,Good,355.79526901882167,99.8783347739406,Clothing,Green
607,Product 607,Fair,700.2772713313187,544.5791041924955,Clothing,Green
608,Product 608,Good,878.7734020444274,865.1098686184212,Electronics,Red
609,Product 609,Poor,68.48795268428576,300.9382097642775,Home Appliances,Green
610,Product 610,Good,169.23599146746562,973.7943856708026,Clothing,Red
611,Product 611,Fair,89.66416687715909,597.79976629423,Clothing,Green
612,Product 612,Good,336.6077342169331,15.5616739560104,Electronics,Blue
613,Product 613,Good,267.9855239459599,354.0513166443698,Electronics,Blue
614,Product 614,Good,926.616727620262,999.9357181208503,Clothing,Red
615,Product 615,Good,740.187672423604,203.8984788847471,Electronics,Green
616,Product 616,Good,546.3751868258054,482.23189438540584,Clothing,Red
617,Product 617,Poor,786.504050414873,393.9805186536996,Home Appliances,Blue
618,Product 618,Fair,775.2113998301388,959.9093330542361,Clothing,Blue
619,Product 619,Fair,906.4327450323367,233.04178988068958,Electronics,Red
620,Product 620,Good,206.62307870791548,201.5329620272659,Clothing,Blue
621,Product 621,Fair,443.737358399162,511.4615602113543,Clothing,Blue
622,Product 622,Good,791.925310870113,166.1684259644984,Home Appliances,Blue
623,Product 623,Poor,869.0325642679496,27.926914878844624,Electronics,Blue
624,Product 624,Fair,829.5549512298717,701.2504152706442,Electronics,Red
625,Product 625,Good,999.8827694954739,284.8136658024583,Clothing,Blue
626,Product 626,Fair,444.44974785639636,229.91160361443178,Home Appliances,Green
627,Product 627,Fair,276.50104604747645,919.6268096227681,Electronics,Blue
628,Product 628,Good,305.7609874465315,469.82261695491087,Home Appliances,Green
629,Product 629,Good,912.7566497953455,306.5294237694241,Home Appliances,Green
630,Product 630,Fair,640.7529646643693,474.7289719305144,Clothing,Green
631,Product 631,Fair,504.6916358137035,563.4937431435417,Clothing,Red
632,Product 632,Fair,720.0361196123977,536.3982861941926,Electronics,Blue
633,Product 633,Good,447.21973240817294,319.4668119618378,Home Appliances,Red
634,Product 634,Good,302.48639909411884,25.435655279444454,Home Appliances,Blue
635,Product 635,Fair,246.05495659431907,107.61471553440555,Home Appliances,Blue
636,Product 636,Good,913.9155705952928,713.092792139613,Home Appliances,Blue
637,Product 637,Fair,976.1829772054947,418.5195934332819,Clothing,Green
638,Product 638,Fair,257.3165003347606,60.32122267215827,Clothing,Red
639,Product 639,Fair,174.44636727832778,373.01403447718434,Electronics,Red
640,Product 640,Fair,398.1656666175029,138.30798667660653,Electronics,Green
641,Product 641,Good,85.5676879849853,974.8290374914328,Home Appliances,Green
642,Product 642,Fair,456.0351648489173,271.89404872417674,Electronics,Red
643,Product 643,Fair,935.7456177065618,721.8500312581691,Electronics,Blue
644,Product 644,Excellent,652.9162743814121,595.0961282765331,Home Appliances,Green
645,Product 645,Good,585.4090402653939,500.4620739185907,Clothing,Blue
646,Product 646,Fair,238.86217705554597,275.52894484276266,Home Appliances,Green
647,Product 647,Excellent,737.9128156033713,861.39658065593,Home Appliances,Green
648,Product 648,Poor,746.8355171146146,114.81090276380313,Home Appliances,Red
649,Product 649,Good,120.86347800443816,675.0196508294389,Clothing,Red
650,Product 650,Fair,569.5682614255037,496.66003295887054,Home Appliances,Red
651,Product 651,Fair,820.8656247279732,241.5471807239127,Electronics,Red
652,Product 652,Good,706.281756856364,690.3360532475801,Home Appliances,Red
653,Product 653,Excellent,78.07272395183121,140.02969109604282,Home Appliances,Red
654,Product 654,Poor,308.0886260996945,415.42502991104504,Home Appliances,Green
655,Product 655,Good,551.4290615648769,813.1367261665727,Electronics,Blue
656,Product 656,Good,712.5182462536847,896.7136416662813,Electronics,Green
657,Product 657,Excellent,353.7780999465694,756.9715831564935,Home Appliances,Green
658,Product 658,Good,63.91115045646692,970.6108103302715,Home Appliances,Red
659,Product 659,Poor,608.4058023753854,509.68539496939906,Electronics,Green
660,Product 660,Fair,510.5046383120406,859.2068367169203,Clothing,Blue
661,Product 661,Good,684.0240118113276,729.2937940114725,Clothing,Green
662,Product 662,Good,468.3451017724954,620.9943355616274,Electronics,Green
663,Product 663,Good,781.1086546638129,777.6656652678706,Clothing,Blue
664,Product 664,Good,954.0001991661729,571.2394485369653,Clothing,Red
665,Product 665,Fair,94.48389188858309,697.8669007760088,Clothing,Green
666,Product 666,Excellent,155.1547005281909,530.9145270964818,Clothing,Green
667,Product 667,Excellent,978.8781490035896,806.9529522506458,Clothing,Green
668,Product 668,Excellent,477.8082404027541,360.7518220325726,Clothing,Blue
669,Product 669,Fair,818.6416264071086,858.5833531710532,Clothing,Blue
670,Product 670,Good,259.2393564972623,894.6156780191988,Home Appliances,Blue
671,Product 671,Fair,969.1200765916998,634.5763915544974,Electronics,Blue
672,Product 672,Fair,461.8882835871893,746.015737911938,Electronics,Red
673,Product 673,Good,758.4442547357752,863.7694887336936,Home Appliances,Red
674,Product 674,Good,994.6786259554092,849.8308384013924,Clothing,Blue
675,Product 675,Fair,818.8983851084321,58.161550141766604,Clothing,Green
676,Product 676,Fair,897.7131470779182,550.2342195090272,Home Appliances,Green
677,Product 677,Good,882.8268264489075,107.8382820686909,Home Appliances,Green
678,Product 678,Poor,678.8185892660265,287.86993599936403,Electronics,Blue
679,Product 679,Good,421.8767322096408,129.19479062522956,Clothing,Red
680,Product 680,Good,223.28135006816117,758.7824068088918,Home Appliances,Green
681,Product 681,Good,719.286309472837,161.93679266427182,Clothing,Red
682,Product 682,Good,138.89684438377873,672.1016636861763,Clothing,Blue
683,Product 683,Excellent,348.89575543821377,904.7922289822545,Electronics,Blue
684,Product 684,Poor,305.6423446624357,107.69911221243315,Clothing,Green
685,Product 685,Good,790.5298432475373,916.7920578096237,Home Appliances,Red
686,Product 686,Excellent,259.8621037043408,799.4237833456306,Clothing,Red
687,Product 687,Poor,803.4061000754531,221.88961682607567,Clothing,Blue
688,Product 688,Fair,450.2229081585089,835.9536151448029,Electronics,Green
689,Product 689,Excellent,397.0743807858101,321.3384562625181,Clothing,Red
690,Product 690,Good,88.33135098742753,200.43416836401252,Home Appliances,Blue
691,Product 691,Good,356.47565642197526,46.272450982869564,Home Appliances,Green
692,Product 692,Poor,533.7553435892319,157.5414950663798,Clothing,Red
693,Product 693,Excellent,815.0505196765893,179.09987960978785,Clothing,Blue
694,Product 694,Fair,716.5632083016142,510.22874927053914,Clothing,Green
695,Product 695,Fair,173.3836691160388,907.7489316958844,Electronics,Green
696,Product 696,Good,217.38018989933127,628.6529642579181,Electronics,Red
697,Product 697,Good,728.9342635497137,257.87437308380447,Electronics,Green
698,Product 698,Fair,358.39552803801325,211.38970526723827,Home Appliances,Green
699,Product 699,Excellent,242.31087673212653,627.4410611575561,Home Appliances,Blue
700,Product 700,Excellent,701.8677757187014,158.55640448448602,Clothing,Green
701,Product 701,Fair,695.3836378732068,407.40771543110526,Home Appliances,Green
702,Product 702,Fair,344.1988556394975,845.1384257760787,Electronics,Green
703,Product 703,Good,995.5712904748324,231.67253644941098,Clothing,Green
704,Product 704,Poor,721.7125626098037,828.1352908891124,Home Appliances,Red
705,Product 705,Poor,890.336792843947,489.16466071291194,Electronics,Green
706,Product 706,Poor,302.3122301200169,352.1580559129117,Electronics,Blue
707,Product 707,Excellent,519.2518581753793,641.7592846247379,Clothing,Green
708,Product 708,Good,189.19017878314742,688.231283308389,Electronics,Red
709,Product 709,Excellent,216.26935495775172,927.9128054839333,Home Appliances,Blue
710,Product 710,Fair,287.67571686100734,803.0525371657918,Electronics,Green
711,Product 711,Good,808.5971405999654,152.69244436084279,Clothing,Red
712,Product 712,Good,481.50297333484446,68.58315414226394,Home Appliances,Blue
713,Product 713,Fair,336.2850939338784,82.13446058330783,Home Appliances,Blue
714,Product 714,Good,610.3126686503293,549.562185335813,Home Appliances,Green
715,Product 715,Excellent,497.82931384526074,842.6994052418729,Electronics,Blue
716,Product 716,Fair,341.20328382444876,246.07681475592227,Home Appliances,Blue
717,Product 717,Good,129.77115734599232,800.4420164403708,Home Appliances,Blue
718,Product 718,Fair,780.9690577106237,51.38155012360712,Home Appliances,Blue
719,Product 719,Fair,191.8980621615368,165.90496822760548,Home Appliances,Blue
720,Product 720,Good,74.91845612842121,203.07086987813187,Clothing,Red
721,Product 721,Excellent,153.15774403710674,500.1850920743779,Home Appliances,Blue
722,Product 722,Fair,497.6526322265296,643.0964442766661,Clothing,Green
723,Product 723,Fair,895.2685474217745,579.1911094313283,Electronics,Red
724,Product 724,Excellent,376.599810694971,211.5527898905686,Electronics,Red
725,Product 725,Excellent,550.8925425000507,275.5309006660467,Clothing,Green
726,Product 726,Poor,785.1090902920336,875.9677462161003,Electronics,Blue
727,Product 727,Good,919.535920235253,45.88005713918868,Clothing,Blue
728,Product 728,Poor,955.9365237089726,324.7386786444426,Clothing,Blue
729,Product 729,Poor,208.35793378897705,21.3256099305588,Home Appliances,Red
730,Product 730,Poor,76.34469938067554,759.5291122714385,Home Appliances,Blue
731,Product 731,Good,315.355584560005,313.9184629373235,Home Appliances,Green
732,Product 732,Good,208.7553316523712,494.7518992082738,Clothing,Red
733,Product 733,Fair,390.1815275897414,931.7864855363679,Clothing,Green
734,Product 734,Good,140.89468220760622,681.8250529668559,Home Appliances,Blue
735,Product 735,Fair,137.34786141386485,984.390421220481,Home Appliances,Blue
736,Product 736,Fair,932.4737667574692,568.2852446113197,Electronics,Red
737,Product 737,Poor,339.2157239168963,461.40286872941317,Home Appliances,Blue
738,Product 738,Fair,889.4832353734479,228.37892210337168,Electronics,Blue
739,Product 739,Poor,482.76211577331526,35.5675776158988,Clothing,Green
740,Product 740,Excellent,84.26694842480316,572.4123956837226,Electronics,Red
741,Product 741,Fair,348.78351475517144,35.45223927372892,Clothing,Blue
742,Product 742,Good,461.13428440483335,441.75011669068834,Home Appliances,Blue
743,Product 743,Fair,555.4199755547642,456.62670762341224,Home Appliances,Red
744,Product 744,Poor,710.9074238669958,104.51643328812918,Clothing,Red
745,Product 745,Good,149.0154142231442,724.3282421812801,Home Appliances,Blue
746,Product 746,Excellent,893.9583560711125,738.4989551441679,Electronics,Blue
747,Product 747,Fair,421.60735145570834,92.29674491167698,Electronics,Red
748,Product 748,Fair,815.382336229257,860.0236225967528,Home Appliances,Blue
749,Product 749,Good,310.74884866155696,313.7185401987387,Home Appliances,Blue
750,Product 750,Excellent,315.04284356111594,815.3970137306957,Home Appliances,Blue
751,Product 751,Fair,802.2312468437838,616.1860431703657,Home Appliances,Green
752,Product 752,Fair,506.6664747474402,278.79061755112934,Electronics,Green
753,Product 753,Fair,733.4319782316967,58.564073568667,Home Appliances,Blue
754,Product 754,Good,363.8678377099968,260.2336872220924,Electronics,Green
755,Product 755,Fair,354.6295070357124,729.9908903470464,Home Appliances,Blue
756,Product 756,Good,395.0473657457995,644.4697362994226,Clothing,Blue
757,Product 757,Excellent,738.3152558384321,753.433271431879,Clothing,Red
758,Product 758,Good,433.35457982110256,622.8179396189153,Electronics,Blue
759,Product 759,Poor,176.65994909384335,807.0237036470426,Home Appliances,Blue
760,Product 760,Excellent,776.9910148824093,259.8291538858556,Clothing,Red
761,Product 761,Fair,135.80378003445202,770.0398276773924,Home Appliances,Red
762,Product 762,Fair,786.1096438710861,236.68280979664485,Clothing,Blue
763,Product 763,Good,819.5685155968101,898.0271870327683,Electronics,Red
764,Product 764,Good,430.783498466161,41.49119064387337,Electronics,Green
765,Product 765,Poor,924.3771847206418,882.2342261201551,Clothing,Red
766,Product 766,Poor,773.2697961795941,752.3682272854415,Clothing,Red
767,Product 767,Excellent,315.6713696547804,284.71160135095334,Clothing,Blue
768,Product 768,Fair,912.5112110307102,932.1696309666374,Clothing,Green
769,Product 769,Fair,700.872941037117,520.7555410279297,Electronics,Blue
770,Product 770,Fair,855.8466677710564,528.6645362630696,Home Appliances,Green
771,Product 771,Good,830.5364711887815,418.8618246722801,Home Appliances,Green
772,Product 772,Good,888.1718504282151,982.782864549097,Home Appliances,Blue
773,Product 773,Fair,225.84787903050326,425.3174880150922,Home Appliances,Red
774,Product 774,Good,233.61543214976857,761.2268802621066,Electronics,Red
775,Product 775,Good,159.3395737727426,90.72114412367554,Home Appliances,Green
776,Product 776,Excellent,150.38596785984885,344.8663478994889,Clothing,Red
777,Product 777,Excellent,951.27034661252,367.27145967541105,Home Appliances,Blue
778,Product 778,Poor,654.8165246503415,648.4641237203411,Home Appliances,Blue
779,Product 779,Excellent,175.4273543831576,877.9652032492419,Clothing,Green
780,Product 780,Poor,776.9749778732129,801.1532283544975,Electronics,Blue
781,Product 781,Good,668.9068941589771,612.2530928709709,Home Appliances,Red
782,Product 782,Excellent,257.7300524436281,283.5554564699401,Clothing,Green
783,Product 783,Fair,483.11394444866664,513.0256959957985,Home Appliances,Blue
784,Product 784,Good,814.9858418186468,708.3212712733374,Clothing,Green
785,Product 785,Fair,160.02769334437392,136.36307379510038,Electronics,Red
786,Product 786,Fair,329.22077684524396,277.83032477455157,Clothing,Blue
787,Product 787,Fair,314.1184857657422,251.25657433298957,Home Appliances,Green
788,Product 788,Fair,319.99207312886523,312.4899094964008,Home Appliances,Red
789,Product 789,Excellent,553.0412840135108,461.46720754034686,Clothing,Red
790,Product 790,Poor,288.5387322767859,555.7263128741475,Electronics,Red
791,Product 791,Fair,275.5411692432947,38.57490006200581,Clothing,Green
792,Product 792,Good,626.4735190603336,746.1665941524645,Clothing,Blue
793,Product 793,Excellent,67.62270877340238,529.3582526348732,Electronics,Green
794,Product 794,Good,708.139799870907,292.3968202806808,Electronics,Blue
795,Product 795,Good,93.80137280844635,291.48699612177296,Clothing,Green
796,Product 796,Fair,760.7458858154677,62.78310164517085,Electronics,Red
797,Product 797,Good,592.066345057413,899.574330853195,Electronics,Red
798,Product 798,Good,112.57132157725401,238.33171579861488,Home Appliances,Green
799,Product 799,Good,172.52848390406345,594.8243611683577,Electronics,Red
800,Product 800,Fair,750.4955915608483,382.620748182854,Clothing,Green
801,Product 801,Fair,780.7987574295537,474.76403188290243,Home Appliances,Green
802,Product 802,Fair,727.5888714884834,240.09196280249333,Electronics,Green
803,Product 803,Good,883.2224123584044,443.92759919472803,Electronics,Red
804,Product 804,Fair,125.82880223122153,35.66748248451492,Electronics,Blue
805,Product 805,Fair,925.0145965768087,134.68044113727126,Clothing,Red
806,Product 806,Fair,120.28223238062657,121.63259251965258,Home Appliances,Blue
807,Product 807,Fair,684.5732200337243,743.5561170700254,Electronics,Blue
808,Product 808,Excellent,420.90852151177506,727.5052938468341,Home Appliances,Blue
809,Product 809,Fair,855.7269704338669,771.4994913535262,Clothing,Red
810,Product 810,Good,701.3732931889332,927.9187853391802,Electronics,Red
811,Product 811,Fair,773.8228431356938,823.1727942742509,Clothing,Blue
812,Product 812,Fair,958.8793018301361,215.9519850132588,Electronics,Green
813,Product 813,Good,887.2711965154888,323.34348427771346,Clothing,Green
814,Product 814,Fair,646.1220017920659,878.9539160977489,Clothing,Blue
815,Product 815,Good,275.86664531532233,599.4886243490366,Home Appliances,Blue
816,Product 816,Good,286.8936403283012,868.664408104574,Electronics,Red
817,Product 817,Fair,582.0131980120384,185.78515542719725,Electronics,Red
818,Product 818,Excellent,931.0021091005335,402.29728459796456,Home Appliances,Red
819,Product 819,Fair,299.2684665734399,37.86532856626214,Clothing,Green
820,Product 820,Excellent,819.502986153486,540.8971782562717,Home Appliances,Red
821,Product 821,Excellent,738.5806874035686,111.27657406157762,Home Appliances,Red
822,Product 822,Excellent,570.4858142143704,987.7050315774726,Electronics,Green
823,Product 823,Fair,833.0089656348088,784.1310576931885,Electronics,Green
824,Product 824,Fair,786.0800029592488,35.039469752316904,Electronics,Red
825,Product 825,Poor,732.1227611515247,768.8959482540142,Electronics,Blue
826,Product 826,Excellent,235.2052927170042,976.5922689391228,Clothing,Red
827,Product 827,Good,827.7736410789437,120.40637272597267,Electronics,Green
828,Product 828,Fair,942.9099536784205,263.6061935249048,Home Appliances,Red
829,Product 829,Good,979.9836256674319,516.0569378649692,Electronics,Red
830,Product 830,Excellent,667.3696502371592,260.59131190596804,Electronics,Green
831,Product 831,Fair,396.26004616406533,644.5182796360624,Clothing,Red
832,Product 832,Fair,452.6981427207247,177.34520027438379,Clothing,Blue
833,Product 833,Good,132.84373752122934,413.0664560158424,Home Appliances,Green
834,Product 834,Excellent,915.508495013377,876.3617091416518,Electronics,Green
835,Product 835,Good,842.6668837562393,810.230857221318,Electronics,Red
836,Product 836,Good,628.2994154311327,733.7848666632773,Clothing,Red
837,Product 837,Good,491.3820589194887,634.2883562331779,Electronics,Red
838,Product 838,Fair,784.3090348620852,575.7304857846083,Home Appliances,Green
839,Product 839,Fair,529.2321016404418,211.32944636458745,Home Appliances,Blue
840,Product 840,Good,717.9618944711594,701.8024712399665,Home Appliances,Green
841,Product 841,Fair,737.5107738295758,413.8574948647059,Electronics,Red
842,Product 842,Good,400.3579569255774,700.132688419358,Home Appliances,Blue
843,Product 843,Poor,351.4622789981984,491.14944060892356,Electronics,Red
844,Product 844,Good,972.3072790730928,649.0813754244525,Home Appliances,Red
845,Product 845,Good,598.1601457466952,850.4420388567537,Home Appliances,Blue
846,Product 846,Fair,211.80643387754904,395.1555726618162,Electronics,Blue
847,Product 847,Fair,860.0214876623562,529.5332697374118,Electronics,Green
848,Product 848,Good,762.9807426109429,86.2084452245625,Home Appliances,Blue
849,Product 849,Good,398.9555064917559,162.40444786424143,Home Appliances,Blue
850,Product 850,Good,690.4431082733317,831.110503030939,Home Appliances,Blue
851,Product 851,Fair,94.81542684486033,344.6513240010535,Electronics,Red
852,Product 852,Good,345.061884142227,641.1311419324289,Electronics,Green
853,Product 853,Good,923.663468482477,401.4187431454104,Clothing,Red
854,Product 854,Excellent,745.2496827401317,494.1733632138796,Electronics,Blue
855,Product 855,Good,108.0637621317035,786.0295415493572,Electronics,Green
856,Product 856,Fair,188.737552075549,120.79957677085224,Clothing,Blue
857,Product 857,Fair,698.3353539778902,915.5554214580483,Electronics,Green
858,Product 858,Good,643.2942044282914,261.85912750259223,Clothing,Red
859,Product 859,Excellent,916.2778442547315,505.4567966884586,Home Appliances,Blue
860,Product 860,Fair,563.895012297186,97.74048231324551,Home Appliances,Blue
861,Product 861,Good,803.4348141748444,902.6639721526814,Home Appliances,Green
862,Product 862,Excellent,531.6771667834048,906.4002518890107,Home Appliances,Blue
863,Product 863,Fair,488.7986876833238,58.618978473295236,Clothing,Blue
864,Product 864,Good,856.7059723294224,775.6434481631669,Clothing,Green
865,Product 865,Poor,866.8005260952084,949.3827835867427,Clothing,Blue
866,Product 866,Fair,891.7008370349148,117.2929938226872,Electronics,Green
867,Product 867,Fair,60.67021766030137,809.1092172266193,Electronics,Green
868,Product 868,Good,323.0757127729912,63.922780057933444,Home Appliances,Red
869,Product 869,Fair,731.352485467523,592.8920058558424,Clothing,Blue
870,Product 870,Fair,991.3849770323055,632.4481800085281,Electronics,Blue
871,Product 871,Poor,631.5900307655697,164.82898011019313,Home Appliances,Red
872,Product 872,Good,195.67525173945256,861.1229057937979,Clothing,Green
873,Product 873,Good,194.82910557047228,755.6691676286331,Home Appliances,Red
874,Product 874,Good,372.1611551508944,883.0142070990224,Home Appliances,Red
875,Product 875,Good,229.12956692413732,541.301190514695,Electronics,Blue
876,Product 876,Excellent,67.39511526321093,779.4187970495905,Home Appliances,Blue
877,Product 877,Excellent,592.9774018271333,95.47130007403968,Clothing,Green
878,Product 878,Excellent,643.9436950619146,699.7749064557827,Home Appliances,Green
879,Product 879,Fair,743.0282796523029,172.38907771517435,Electronics,Blue
880,Product 880,Good,997.9734303550773,472.47456918067695,Home Appliances,Green
881,Product 881,Good,281.5007664762844,298.63027387391867,Clothing,Red
882,Product 882,Excellent,910.4318349585658,856.6365171268648,Clothing,Blue
883,Product 883,Fair,880.1692722809653,474.6606962808311,Home Appliances,Green
884,Product 884,Good,960.8535139897192,497.3363273090553,Electronics,Blue
885,Product 885,Excellent,920.3378207855402,66.40922537263889,Electronics,Red
886,Product 886,Fair,608.5142080694162,790.3665180043316,Clothing,Green
887,Product 887,Fair,52.953317348855684,116.5094648657272,Clothing,Red
888,Product 888,Good,905.1382695660587,294.9272572810113,Home Appliances,Red
889,Product 889,Good,513.8612514179858,554.6057450865559,Clothing,Red
890,Product 890,Good,514.9551339213028,287.1778919343498,Home Appliances,Red
891,Product 891,Good,945.4013046453931,729.0979945522831,Clothing,Red
892,Product 892,Fair,631.0128236143177,696.098903824119,Home Appliances,Blue
893,Product 893,Excellent,165.23288221542202,415.71345132217016,Clothing,Red
894,Product 894,Fair,758.0291433462729,659.294537558153,Electronics,Red
895,Product 895,Good,194.6987323935685,414.636835400509,Home Appliances,Red
896,Product 896,Poor,108.39759970797775,639.6783088868393,Home Appliances,Blue
897,Product 897,Poor,351.11238341543975,862.9047269930829,Electronics,Green
898,Product 898,Poor,350.62739644640277,626.7599505933028,Clothing,Blue
899,Product 899,Excellent,947.7980826678815,336.7441038689402,Electronics,Blue
900,Product 900,Fair,311.16436803786394,889.5128818364216,Clothing,Blue
901,Product 901,Fair,971.5368578902073,458.0712871570132,Electronics,Blue
902,Product 902,Good,228.7031586866189,265.6206504498126,Clothing,Green
903,Product 903,Fair,804.815687234961,544.0771513920789,Electronics,Red
904,Product 904,Good,673.6575532038432,71.3977788430274,Home Appliances,Green
905,Product 905,Poor,923.3241528355619,905.0657847785233,Home Appliances,Green
906,Product 906,Fair,452.5601276086712,96.58880903779557,Electronics,Green
907,Product 907,Excellent,840.97097475712,690.0656123885519,Home Appliances,Blue
908,Product 908,Poor,54.985505901875655,465.0343080410812,Electronics,Blue
909,Product 909,Fair,64.80671190840675,590.668868659614,Electronics,Red
910,Product 910,Excellent,611.8713050641588,101.50959166156902,Home Appliances,Green
911,Product 911,Poor,970.4178397207321,69.1639639171828,Clothing,Green
912,Product 912,Fair,205.58723447132886,172.89663407386928,Electronics,Green
913,Product 913,Good,830.6912867064225,979.3685621409802,Home Appliances,Blue
914,Product 914,Fair,573.8641019095343,421.9289297009473,Home Appliances,Green
915,Product 915,Good,593.9251179498826,654.3839486196492,Clothing,Blue
916,Product 916,Excellent,876.3902783182411,773.5858639305841,Home Appliances,Red
917,Product 917,Good,621.7734449431915,466.3789834982482,Home Appliances,Red
918,Product 918,Good,63.55124664980408,505.28100317289267,Clothing,Green
919,Product 919,Fair,916.4700962029887,646.8810788417102,Clothing,Red
920,Product 920,Good,615.5101726760205,952.1914269866037,Clothing,Green
921,Product 921,Fair,842.0374853679685,847.8276275994723,Home Appliances,Blue
922,Product 922,Fair,460.76921440189443,935.6561050608458,Clothing,Red
923,Product 923,Fair,455.6598277563329,864.810017767017,Home Appliances,Blue
924,Product 924,Fair,738.238921118899,915.30626814288,Home Appliances,Blue
925,Product 925,Good,862.8767108349539,228.83997344482768,Clothing,Green
926,Product 926,Good,862.6409255637487,88.74599112539809,Home Appliances,Red
927,Product 927,Poor,261.4608145929351,922.1182271877667,Clothing,Blue
928,Product 928,Poor,374.6392645083363,37.36930402158376,Home Appliances,Blue
929,Product 929,Fair,255.08095771095657,293.38022606490887,Electronics,Blue
930,Product 930,Good,583.4749604872061,854.463574912058,Home Appliances,Red
931,Product 931,Fair,361.2301681144053,721.0134579961287,Home Appliances,Red
932,Product 932,Poor,565.5082964092438,888.0487807137315,Electronics,Red
933,Product 933,Good,588.6223005552358,792.7916641434907,Electronics,Red
934,Product 934,Excellent,442.18776550932836,166.7262122359958,Clothing,Red
935,Product 935,Good,290.9280905739299,806.9083501382653,Clothing,Blue
936,Product 936,Good,284.5745304954614,891.5524245581182,Electronics,Blue
937,Product 937,Fair,504.3337457228492,661.9441420031123,Home Appliances,Green
938,Product 938,Fair,786.2754295866841,984.921307171807,Clothing,Green
939,Product 939,Excellent,215.44622986815,636.2910982929279,Clothing,Red
940,Product 940,Poor,728.1379014775549,739.6707401503077,Electronics,Green
941,Product 941,Good,158.09311010570892,398.43229740284323,Home Appliances,Blue
942,Product 942,Good,61.37975764018185,276.08226050203007,Electronics,Green
943,Product 943,Good,130.30608965333127,600.0055845517456,Home Appliances,Red
944,Product 944,Fair,766.487436326047,596.5845951759762,Clothing,Red
945,Product 945,Fair,861.6826688503746,69.92598591418104,Home Appliances,Red
946,Product 946,Good,305.4218051102756,11.718485229475734,Home Appliances,Blue
947,Product 947,Good,148.98187106765567,990.0533479556063,Clothing,Blue
948,Product 948,Fair,626.3358436097989,46.73295200925149,Electronics,Blue
949,Product 949,Good,762.6911681590828,374.3373319221893,Home Appliances,Red
950,Product 950,Good,841.0035394074654,740.9584301866507,Clothing,Green
951,Product 951,Excellent,557.2301881116139,187.29644234380638,Home Appliances,Blue
952,Product 952,Fair,621.5229438360559,412.3610122376148,Clothing,Blue
953,Product 953,Good,74.16736153122554,899.488410664922,Home Appliances,Red
954,Product 954,Fair,271.71255964609986,442.4489490856621,Clothing,Blue
955,Product 955,Good,198.61218010250255,765.2387060860835,Home Appliances,Green
956,Product 956,Good,705.8279079956858,422.57179619751855,Clothing,Red
957,Product 957,Fair,695.8058077834274,289.4328560202374,Home Appliances,Red
958,Product 958,Good,649.0704217450797,949.7745222734802,Home Appliances,Red
959,Product 959,Good,942.334718200618,349.0934267273124,Home Appliances,Red
960,Product 960,Fair,924.4906799530371,913.2186533457426,Home Appliances,Red
961,Product 961,Poor,201.54328627101185,564.0793926393183,Electronics,Blue
962,Product 962,Poor,330.91395916134036,913.0301829430297,Electronics,Red
963,Product 963,Excellent,631.204260826152,272.2542656558795,Electronics,Green
964,Product 964,Fair,926.6038743803432,226.86180653837738,Home Appliances,Green
965,Product 965,Poor,234.27474498663986,50.00140685703772,Clothing,Red
966,Product 966,Excellent,127.1401341450438,424.48170274206103,Home Appliances,Blue
967,Product 967,Poor,176.67090603514924,744.770339525118,Clothing,Red
968,Product 968,Fair,82.16792182554103,335.6461896777198,Clothing,Red
969,Product 969,Good,156.77048584964115,831.9065114235628,Electronics,Blue
970,Product 970,Good,584.4199724551296,101.27228443567448,Clothing,Green
971,Product 971,Good,208.85669857258335,16.068026109250276,Home Appliances,Blue
972,Product 972,Good,783.5018256471006,370.20929653282167,Electronics,Green
973,Product 973,Excellent,88.59321277414398,484.6941311014129,Home Appliances,Red
974,Product 974,Fair,183.66236365640194,472.2292500544089,Electronics,Red
975,Product 975,Fair,556.7550836983191,753.49975377091,Electronics,Green
976,Product 976,Fair,970.3122152646501,201.45082376255942,Clothing,Blue
977,Product 977,Fair,827.6847753592813,492.0256506711988,Clothing,Blue
978,Product 978,Good,552.3675880482642,298.10790837560785,Home Appliances,Blue
979,Product 979,Fair,718.8608051301375,482.8533768572286,Home Appliances,Green
980,Product 980,Good,633.8841714979918,297.1994195958966,Clothing,Blue
981,Product 981,Fair,462.1975150963197,969.2445402733377,Home Appliances,Blue
982,Product 982,Fair,658.3953360857442,28.786694364452106,Home Appliances,Green
983,Product 983,Good,520.1040937672026,149.35185243061846,Home Appliances,Red
984,Product 984,Excellent,203.05620431854203,655.8197521461401,Home Appliances,Blue
985,Product 985,Fair,868.9684785672076,939.4066845971006,Electronics,Green
986,Product 986,Good,732.9270279415196,458.3670892819563,Home Appliances,Red
987,Product 987,Poor,216.4855427575811,447.2799514627491,Home Appliances,Green
988,Product 988,Good,956.9052135532978,890.4676173338869,Electronics,Blue
989,Product 989,Excellent,817.7969992467248,231.89489415643615,Electronics,Green
990,Product 990,Poor,685.0977101759187,670.2336839106781,Electronics,Red
991,Product 991,Good,915.9047840989338,806.0560909328328,Home Appliances,Red
992,Product 992,Good,206.38002274180022,446.79644412994315,Clothing,Red
993,Product 993,Poor,252.01732464959068,295.0729356429508,Home Appliances,Green
994,Product 994,Excellent,554.0168787991016,685.0437788653527,Home Appliances,Blue
995,Product 995,Good,207.49621004022046,991.690616273825,Electronics,Green
996,Product 996,Good,787.2384366789447,446.71033095845627,Electronics,Green
997,Product 997,Fair,852.4707201164101,586.0264992484647,Electronics,Blue
998,Product 998,Good,922.4792461350244,812.4339471704166,Home Appliances,Blue
999,Product 999,Good,900.3308132962421,165.9318724914232,Clothing,Green
1000,Product 1000,Good,140.3228882639728,937.839336333804,Electronics,Blue
